{"cameraMode":{"drawMode":0,"name":"Shaded","section":"Shading Mode"},"sceneLighting":false,"audioPlay":false,"sceneViewState":{"showFog":true,"showMaterialUpdate":false,"showSkybox":false,"showFlares":true,"showImageEffects":true,"showParticleSystems":true,"showVisualEffectGraphs":true,"m_FxEnabled":true},"in2DMode":false,"pivot":{"x":-0.014131665229797364,"y":0.9323888421058655,"z":-0.08410325646400452},"rotation":{"x":-0.039301276206970218,"y":0.9339144229888916,"z":-0.108336441218853,"w":-0.3384741246700287},"size":3.960022211074829,"orthographic":false}