{"cameraMode":{"drawMode":0,"name":"Shaded","section":"Shading Mode"},"sceneLighting":false,"audioPlay":false,"sceneViewState":{"showFog":false,"showMaterialUpdate":false,"showSkybox":false,"showFlares":false,"showImageEffects":false,"showParticleSystems":false,"showVisualEffectGraphs":true,"m_FxEnabled":true},"in2DMode":false,"pivot":{"x":0.01275712251663208,"y":1.7993751764297486,"z":-0.008670806884765625},"rotation":{"x":0.26653721928596499,"y":-0.1907116323709488,"z":0.053891632705926898,"w":0.9432327151298523},"size":2.306692361831665,"orthographic":false}