{"cameraMode":{"drawMode":0,"name":"Shaded","section":"Shading Mode"},"sceneLighting":true,"audioPlay":false,"sceneViewState":{"showFog":true,"showMaterialUpdate":false,"showSkybox":true,"showFlares":true,"showImageEffects":true,"showParticleSystems":true,"showVisualEffectGraphs":true,"m_FxEnabled":true},"in2DMode":false,"pivot":{"x":-33.487213134765628,"y":-395.3554992675781,"z":449.49298095703127},"rotation":{"x":-0.35729795694351199,"y":-0.011760540306568146,"z":0.004498241003602743,"w":-0.9339221715927124},"size":465.6002197265625,"orthographic":false}