{"cameraMode":{"drawMode":0,"name":"Shaded","section":"Shading Mode"},"sceneLighting":false,"audioPlay":false,"sceneViewState":{"showFog":false,"showMaterialUpdate":false,"showSkybox":false,"showFlares":false,"showImageEffects":false,"showParticleSystems":false,"showVisualEffectGraphs":true,"m_FxEnabled":true},"in2DMode":false,"pivot":{"x":0.01275712251663208,"y":1.7993751764297486,"z":-0.008670806884765625},"rotation":{"x":0.08884090185165405,"y":-0.28995999693870547,"z":0.027044184505939485,"w":0.9525229334831238},"size":2.306692361831665,"orthographic":false}