{"cameraMode":{"drawMode":0,"name":"Shaded","section":"Shading Mode"},"sceneLighting":false,"audioPlay":false,"sceneViewState":{"showFog":false,"showMaterialUpdate":false,"showSkybox":false,"showFlares":false,"showImageEffects":false,"showParticleSystems":false,"showVisualEffectGraphs":true,"m_FxEnabled":true},"in2DMode":false,"pivot":{"x":-0.014131665229797364,"y":1.8923888206481934,"z":0.01630258560180664},"rotation":{"x":0.26653721928596499,"y":-0.1907116323709488,"z":0.053891632705926898,"w":0.9432327151298523},"size":2.744058609008789,"orthographic":false}