{"cameraMode":{"drawMode":0,"name":"Shaded","section":"Shading Mode"},"sceneLighting":false,"audioPlay":false,"sceneViewState":{"showFog":false,"showMaterialUpdate":false,"showSkybox":false,"showFlares":false,"showImageEffects":false,"showParticleSystems":false,"showVisualEffectGraphs":true,"m_FxEnabled":true},"in2DMode":false,"pivot":{"x":-0.014241695404052735,"y":1.7265520095825196,"z":0.22597652673721314},"rotation":{"x":0.6927726864814758,"y":-0.024861322715878488,"z":0.02391013689339161,"w":0.720331609249115},"size":2.4867756366729738,"orthographic":false}